trial_idx,B,J,K,human_choice,model_choice,lp_B,lp_J,lp_K,prob_B,prob_J,prob_K,nll,correct,model
0,prune,nail polish,diskette,K,B,0.0,-17.135417938232422,-18.59375,0.9999999554330281,3.615617876332948e-08,8.410793255107117e-09,18.59375,False,Llama-3.3-70B-Instruct
1,ladle,water bottle,pug,K,K,-20.364585876464844,-38.489585876464844,0.0,1.4314386092832248e-09,1.923912172864913e-17,0.9999999985685615,-0.0,True,Llama-3.3-70B-Instruct
2,punch,hair,lollipop,J,J,-5.576706886291504,-0.0037928535602986813,-14.32671070098877,0.0037850097135256147,0.9962143905111076,5.997753668154432e-07,0.0037928535602986813,True,Llama-3.3-70B-Instruct
3,oar,mug,macaroni,B,B,-0.0036008739843964577,-5.62860107421875,-14.066104888916016,0.9964056225945223,0.003593599067406148,7.783380717468073e-07,0.0036008739843964577,True,Llama-3.3-70B-Instruct
4,towel,hot tub,mallet,K,K,-6.6159257888793945,-27.345088958740234,-0.0013397366274148226,0.0013388746597556424,1.3310021065063792e-12,0.9986611253389133,0.0013397366274148226,True,Llama-3.3-70B-Instruct
